State,Year,Region,Topic_0,Topic_1,Topic_2,Topic_3,Topic_4,Topic_5,Topic_6
Alabama,1819,South,0.0,0.026075253263115883,0.0,0.0,0.9720892310142517,0.0,0.0
Alabama,1861,South,0.0,0.0,0.0,0.0,0.9977821111679077,0.0,0.0
Alabama,1865,South,0.0,0.0,0.0,0.0,0.997016191482544,0.0,0.0
Alabama,1868,South,0.0,0.2610953450202942,0.01844809204339981,0.0,0.7195366621017456,0.0,0.0
Alabama,1875,South,0.0,0.2850312888622284,0.1967787742614746,0.0,0.5176326036453247,0.0,0.0
Alabama,1901,South,0.0,0.9999727010726929,0.0,0.0,0.0,0.0,0.0
Alaska,1836,West,0.1428571492433548,0.1428571492433548,0.1428571492433548,0.1428571492433548,0.1428571492433548,0.1428571492433548,0.1428571492433548
Alaska,1959,West,0.0,0.0,0.9540899991989136,0.04382716119289398,0.0,0.0,0.0
Arizona,1912,West,0.046335455030202866,0.0,0.948042094707489,0.0,0.0,0.0,0.0
Arkansas,1864,South,0.0,0.0,0.0,0.0,0.997837483882904,0.0,0.0
Arkansas,1868,South,0.0,0.0,0.23986558616161346,0.0,0.75328528881073,0.0,0.0
Arkansas,1874,South,0.04477744176983833,0.21019969880580902,0.22969064116477966,0.11207350343465805,0.36253055930137634,0.037195589393377304,0.0
Colorado,1876,West,0.022910060361027718,0.0,0.04614138975739479,0.9268919825553894,0.0,0.0,0.0
Connecticut,1662,Northeast,0.0,0.0,0.0,0.0,0.7816460728645325,0.21725311875343323,0.0
Connecticut,1818,Northeast,0.0,0.0,0.0,0.48123037815093994,0.5175010561943054,0.0,0.0
Connecticut,1955,Northeast,0.05806694179773331,0.0,0.1633564978837967,0.39703336358070374,0.3801681101322174,0.0,0.0
Connecticut,1965,Northeast,0.03880669176578522,0.0,0.38154053688049316,0.41944998502731323,0.12991885840892792,0.029991302639245987,0.0
Delaware,1776,South,0.0,0.0,0.0,0.0,0.9967219233512878,0.0,0.0
Delaware,1792,South,0.0,0.036417752504348755,0.0,0.0,0.9618120193481445,0.0,0.0
Delaware,1831,South,0.0,0.10984621942043304,0.0,0.0,0.8888518810272217,0.0,0.0
Delaware,1897,South,0.0,0.3909047544002533,0.06985660642385483,0.0,0.4735199213027954,0.062252189964056015,0.0
Florida,1838,South,0.0,0.0,0.0,0.0,0.9370548129081726,0.061489831656217575,0.0
Florida,1861,South,0.0,0.024622201919555664,0.0,0.0,0.9738545417785645,0.0,0.0
Florida,1865,South,0.0,0.0,0.0,0.0,0.9188520908355713,0.07961568981409073,0.0
Florida,1868,South,0.0,0.0,0.011930497363209724,0.0,0.5833731889724731,0.40418925881385803,0.0
Florida,1885,South,0.0,0.0,0.0,0.0,0.0,0.9984779953956604,0.0
Florida,1968,South,0.0,0.0,0.0,0.0,0.0,0.9999205470085144,0.0
Hawaii,1959,West,0.0,0.0,0.9657912254333496,0.0,0.0,0.0,0.03366628661751747
Hawaii,1968,West,0.0,0.0,0.9772008061408997,0.0,0.0,0.0,0.022523216903209686
Hawaii,1978,West,0.03844674676656723,0.035693228244781494,0.8947614431381226,0.0,0.0,0.026865815743803978,0.0
Idaho,1890,West,0.0,0.0,0.6023126244544983,0.0,0.0,0.38213151693344116,0.0
Illinois,1818,Midwest,0.0,0.0,0.0,0.0,0.9963404536247253,0.0,0.0
Illinois,1848,Midwest,0.0,0.018395770341157913,0.0,0.0,0.9806020259857178,0.0,0.0
Illinois,1870,Midwest,0.0,0.0,0.7866606116294861,0.0,0.21218392252922058,0.0,0.0
Illinois,1970,Midwest,0.0,0.0,0.5227967500686646,0.026831921190023422,0.0,0.4499470293521881,0.0
Indiana,1816,Midwest,0.0,0.0,0.0,0.0,0.9978988170623779,0.0,0.0
Indiana,1851,Midwest,0.0,0.0,0.2576741874217987,0.0,0.5238847732543945,0.2178158164024353,0.0
Iowa,1846,Midwest,0.0,0.0,0.08801106363534927,0.049996230751276016,0.8599795699119568,0.0,0.0
Iowa,1857,Midwest,0.0,0.0,0.4010392427444458,0.05771704018115997,0.28801441192626953,0.252620667219162,0.0
Kansas,1859,Midwest,0.0,0.0,0.5139979720115662,0.0,0.0,0.4856763184070587,0.0
Kentucky,1792,South,0.0,0.0,0.0,0.0,0.9966947436332703,0.0,0.0
Kentucky,1799,South,0.0,0.0,0.0,0.0,0.9970190525054932,0.0,0.0
Kentucky,1850,South,0.0,0.0,0.0,0.0,0.9983357191085815,0.0,0.0
Kentucky,1890,South,0.15960294008255005,0.0,0.41155174374580383,0.0,0.2940603196620941,0.07633708417415619,0.05832374095916748
Louisiana,1812,South,0.0,0.0,0.0,0.0,0.9974377155303955,0.0,0.0
Louisiana,1845,South,0.0,0.0,0.0,0.0,0.998782217502594,0.0,0.0
Louisiana,1852,South,0.0,0.0,0.0,0.0,0.9985422492027283,0.0,0.0
Louisiana,1861,South,0.0,0.0,0.0,0.0,0.9988616704940796,0.0,0.0
Louisiana,1864,South,0.0,0.0,0.0,0.0,0.998758852481842,0.0,0.0
Louisiana,1868,South,0.0,0.0,0.0,0.0,0.9991751909255981,0.0,0.0
Maine,1819,Northeast,0.0,0.0,0.0,0.9357097148895264,0.0641501173377037,0.0,0.0
Maryland,1776,South,0.0,0.0,0.0,0.6358657479286194,0.36383429169654846,0.0,0.0
Maryland,1851,South,0.0,0.0,0.0,0.5454710721969604,0.45378032326698303,0.0,0.0
Maryland,1864,South,0.0,0.0,0.0,0.48779717087745667,0.5115992426872253,0.0,0.0
Maryland,1867,South,0.0,0.0,0.0,0.95395427942276,0.04590307176113129,0.0,0.0
Michigan,1835,Midwest,0.0,0.0,0.2287685126066208,0.0,0.7685749530792236,0.0,0.0
Michigan,1850,Midwest,0.0,0.0,0.8783748149871826,0.0,0.12105172127485275,0.0,0.0
Michigan,1908,Midwest,0.0,0.0,0.9998254776000977,0.0,0.0,0.0,0.0
Michigan,1962,Midwest,0.01895962283015251,0.010236037895083427,0.7622389197349548,0.06280644237995148,0.0,0.14447075128555298,0.0
Minnesota,1857,Midwest,0.0,0.0,0.9997690320014954,0.0,0.0,0.0,0.0
Minnesota,1974,Midwest,0.023653561249375343,0.02045605704188347,0.9062769412994385,0.0,0.0,0.04919949173927307,0.0
Mississippi,1817,South,0.0,0.0,0.0,0.0,0.9975382089614868,0.0,0.0
Mississippi,1832,South,0.0,0.0,0.0,0.0,0.9985684156417847,0.0,0.0
Mississippi,1861,South,0.0,0.0,0.0,0.0,0.9975851774215698,0.0,0.0
Mississippi,1868,South,0.0,0.0,0.33229461312294006,0.0,0.6633050441741943,0.0,0.0
Mississippi,1890,South,0.0,0.05075535923242569,0.7307177782058716,0.0,0.2183522880077362,0.0,0.0
Montana,1889,West,0.0,0.0,0.9994533658027649,0.0,0.0,0.0,0.0
Montana,1973,West,0.024295860901474953,0.0,0.9704837203025818,0.0,0.0,0.0,0.0
Nevada,1864,West,0.03794974088668823,0.0,0.8005875945091248,0.029909411445260048,0.08466129750013351,0.046804171055555344,0.0
New Hampshire,1776,Northeast,0.0,0.010601428337395191,0.0,0.0,0.983428418636322,0.0,0.0
New Hampshire,1784,Northeast,0.0,0.0,0.0,0.0,0.9957044124603271,0.0,0.0
New Hampshire,1792,Northeast,0.0,0.0,0.0,0.0957474410533905,0.9039177894592285,0.0,0.0
New Jersey,1776,Northeast,0.0,0.0,0.0,0.0,0.9966419339179993,0.0,0.0
New Jersey,1844,Northeast,0.0,0.0,0.0,0.0,0.6613171100616455,0.26147589087486267,0.07595909386873245
New Jersey,1947,Northeast,0.058578431606292725,0.0,0.0,0.0,0.0,0.9408565163612366,0.0
New Mexico,1911,West,0.2936629056930542,0.0,0.6529756188392639,0.011154389008879662,0.0,0.0,0.04209742695093155
New York,1777,Northeast,0.0,0.0,0.0,0.0,0.9987847805023193,0.0,0.0
New York,1821,Northeast,0.0,0.0,0.0,0.0,0.7626990079879761,0.0,0.23538723587989807
New York,1846,Northeast,0.0,0.0,0.011623334139585495,0.0,0.3851492404937744,0.022562414407730103,0.580295741558075
New York,1894,Northeast,0.0,0.0,0.0,0.0,0.035033781081438065,0.0,0.9647889733314514
New York,1938,Northeast,0.0,0.0,0.0,0.0,0.0,0.0,0.9997634887695312
North Carolina,1776,South,0.0,0.0,0.0,0.0,0.9987285733222961,0.0,0.0
North Carolina,1868,South,0.0,0.0,0.21866163611412048,0.0,0.6106376647949219,0.16788603365421295,0.0
North Carolina,1971,South,0.11326101422309875,0.0491112619638443,0.24833747744560242,0.0,0.14483226835727692,0.4442821145057678,0.0
North Dakota,1889,Midwest,0.0,0.0,0.9997897148132324,0.0,0.0,0.0,0.0
North Dakota,1981,Midwest,0.0,0.0,0.9996867179870605,0.0,0.0,0.0,0.0
Ohio,1802,Midwest,0.0,0.0,0.0,0.0,0.9973856806755066,0.0,0.0
Ohio,1851,Midwest,0.04956936091184616,0.1051073744893074,0.7608401775360107,0.0,0.0,0.07552928477525711,0.0
Oklahoma,1907,South,0.03263675794005394,0.0,0.09530536085367203,0.0,0.0,0.0,0.8696807622909546
Pennsylvania,1776,Northeast,0.0,0.0,0.0,0.0,0.9984835982322693,0.0,0.0
Pennsylvania,1790,Northeast,0.0,0.0,0.0,0.0,0.9964202642440796,0.0,0.0
Pennsylvania,1839,Northeast,0.0,0.0,0.0,0.0,0.9977179169654846,0.0,0.0
Pennsylvania,1874,Northeast,0.01703023724257946,0.023442549630999565,0.21905040740966797,0.0,0.5287302136421204,0.0,0.2116243541240692
Pennsylvania,1969,Northeast,0.03545137867331505,0.0,0.2718237340450287,0.0,0.3835687041282654,0.27903106808662415,0.027708349749445915
Rhode Island,1843,Northeast,0.0,0.0,0.0,0.9995324611663818,0.0,0.0,0.0
Rhode Island,1986,Northeast,0.0,0.0,0.2704664170742035,0.6021583676338196,0.0,0.12110916525125504,0.0
South Carolina,1776,South,0.0,0.0,0.0,0.0,0.9984340071678162,0.0,0.0
South Carolina,1778,South,0.0,0.0,0.0,0.0,0.9985057711601257,0.0,0.0
South Carolina,1790,South,0.0,0.0,0.0,0.0,0.9982289671897888,0.0,0.0
South Carolina,1861,South,0.0,0.0,0.0,0.0,0.9989491105079651,0.0,0.0
South Carolina,1865,South,0.0,0.0,0.0,0.0,0.9555639624595642,0.0,0.04238520935177803
South Carolina,1868,South,0.04347173869609833,0.0,0.11199671775102615,0.0,0.7601291537284851,0.0,0.08381795138120651
South Carolina,1896,South,0.0,0.0,0.0,0.0,0.0,0.0,0.9999327063560486
South Dakota,1889,Midwest,0.0,0.0,0.9988555312156677,0.0,0.0,0.0,0.0
Texas,1845,South,0.0,0.0,0.0,0.0,0.9986723065376282,0.0,0.0
Texas,1866,South,0.10381467640399933,0.0,0.09215684980154037,0.0,0.8029914498329163,0.0,0.0
Texas,1869,South,0.18031102418899536,0.0,0.0,0.0,0.8189733624458313,0.0,0.0
Texas,1876,South,0.9999743103981018,0.0,0.0,0.0,0.0,0.0,0.0
Utah,1895,West,0.3098064363002777,0.0,0.676145076751709,0.0,0.0,0.0,0.0
Washington,1889,West,0.0,0.0193780604749918,0.7302125692367554,0.0,0.10661757737398148,0.11379043012857437,0.0291611198335886
West Virginia,1861,South,0.0,0.0,0.0,0.0,0.2958100736141205,0.7031712532043457,0.0
West Virginia,1872,South,0.022391071543097496,0.0,0.05076631158590317,0.0,0.0,0.9177181720733643,0.0
Wyoming,1889,West,0.0,0.0,0.9400894045829773,0.0,0.059602294117212296,0.0,0.0
